Workbook

Sheet Raw_Data
A1: Date | B1: Visit Type | C1: Patient Name | D1: Gender | E1: Revenue Sector | F1: Patient Type | G1: OPD Revenue | H1: Lab Revenue | I1: Pharmacy Revenue | J1: Total Revenue
A2: 23-12-2025 | B2: Appt | C2: VIKRAM | D2: Male | E2: OPD | F2: New | G2: 500 | H2: 0 | I2: 0 | J2: 500
A3: 26-12-2025 | B3: Walk In | C3: ASIT VAKIL | D3: Male | E3: Pharmacy | F3: New | G3: 500 | H3: 0 | I3: 1138 | J3: 1638
A4: 02-01-2026 | B4: Appt | C4: ASIT VAKIL | D4: Male | E4: OPD | F4: FU | G4: 300 | H4: 0 | I4: 0 | J4: 300
A5: 02-01-2026 | B5: Appt | C5: AASHIQ PATHAN | D5: Male | E5: OPD | F5: New | G5: 1000 | H5: 0 | I5: 1113 | J5: 2113
A6: 03-01-2026 | B6: Appt | C6: CHETNA JAIN | D6: Female | E6: OPD | F6: New | G6: 500 | H6: 0 | I6: 1113 | J6: 1613
A7: 03-01-2026 | B7: Appt | C7: RONAK LODHA | D7: Male | E7: OPD | F7: New | G7: 1500 | H7: 0 | I7: 1113 | J7: 2613
A8: 07-01-2026 | B8: Appt | C8: SURESH PATIDAR | D8: Male | E8: OPD | F8: New | G8: 1500 | H8: 0 | I8: 0 | J8: 1500
A9: 09-01-2026 | B9: Appt | C9: PANKAJ WAGHMARE | D9: Male | E9: Pharmacy | F9: New | G9: 1500 | H9: 0 | I9: 974 | J9: 2474
A10: 10-01-2026 | B10: Appt | C10: MAYANK BHAVSAR | D10: Male | E10: Pharmacy | F10: New | G10: 1500 | H10: 0 | I10: 1634 | J10: 3134
A11: 12-01-2026 | B11: Appt | C11: NIKUNJ NAYAK | D11: Male | E11: Pharmacy | F11: New | G11: 500 | H11: 0 | I11: 599 | J11: 1099

Sheet Summary
A1: Metric | B1: Value
A2: Total Revenue | B2: =SUM(Raw_Data!J2:J11) -> 16984
A3: Total Patients | B3: =COUNTA(Raw_Data!C2:C11) -> 10
A4: Gender | B4: Revenue
A5: Male | B5: =SUMIF(Raw_Data!D:D,"Male",Raw_Data!J:J) -> 15371
A6: Female | B6: =SUMIF(Raw_Data!D:D,"Female",Raw_Data!J:J) -> 1613
A7: Sector | B7: Revenue
A8: OPD | B8: =SUMIF(Raw_Data!E:E,"OPD",Raw_Data!J:J) -> 8639
A9: Pharmacy | B9: =SUMIF(Raw_Data!E:E,"Pharmacy",Raw_Data!J:J) -> 8345
A10: Patient Type | B10: Count
A11: New | B11: =COUNTIF(Raw_Data!F:F,"New") -> 9
A12: FU | B12: =COUNTIF(Raw_Data!F:F,"FU") -> 1
A13: Visit Type | B13: Count
A14: Appt | B14: =COUNTIF(Raw_Data!B:B,"Appt") -> 9
A15: Walk In | B15: =COUNTIF(Raw_Data!B:B,"Walk In") -> 1
A16: Date | B16: Daily Revenue
A17: =Raw_Data!A2 -> 23-12-2025 | B17: =Raw_Data!J2 -> 500
A18: =Raw_Data!A3 -> 26-12-2025 | B18: =Raw_Data!J3 -> 1638
A19: =Raw_Data!A4 -> 02-01-2026 | B19: =Raw_Data!J4 -> 300
A20: =Raw_Data!A5 -> 02-01-2026 | B20: =Raw_Data!J5 -> 2113
A21: =Raw_Data!A6 -> 03-01-2026 | B21: =Raw_Data!J6 -> 1613
A22: =Raw_Data!A7 -> 03-01-2026 | B22: =Raw_Data!J7 -> 2613
A23: =Raw_Data!A8 -> 07-01-2026 | B23: =Raw_Data!J8 -> 1500
A24: =Raw_Data!A9 -> 09-01-2026 | B24: =Raw_Data!J9 -> 2474
A25: =Raw_Data!A10 -> 10-01-2026 | B25: =Raw_Data!J10 -> 3134
A26: =Raw_Data!A11 -> 12-01-2026 | B26: =Raw_Data!J11 -> 1099

Sheet Dashboard
A1: HEALING HANDS CLINIC – MASTER EXCEL DASHBOARD
A3: Total Revenue | C3: Total Patients
A4: =Summary!B2 -> 16984 | C4: =Summary!B3 -> 10
